Product ID,Category,Sub-Category,Product Name
OFF-ST-1665336,Technology,Phones,Sample Phones Product
FUR-BO-9258667,Technology,Machines,Sample Machines Product
FUR-FU-7855203,Technology,Phones,Sample Phones Product
TEC-CO-5500878,Technology,Accessories,Sample Accessories Product
FUR-BO-3614337,Office Supplies,Paper,Sample Paper Product
FUR-TA-8268707,Office Supplies,Supplies,Sample Supplies Product
FUR-BO-6835960,Technology,Copiers,Sample Copiers Product
TEC-AC-1514994,Technology,Accessories,Sample Accessories Product
FUR-CH-2215790,Furniture,Tables,Sample Tables Product
OFF-AR-8449159,Office Supplies,Paper,Sample Paper Product
OFF-AR-5587332,Furniture,Chairs,Sample Chairs Product
OFF-ST-1886447,Furniture,Chairs,Sample Chairs Product
FUR-FU-2600117,Furniture,Chairs,Sample Chairs Product
FUR-CH-6119142,Technology,Copiers,Sample Copiers Product
OFF-FA-8044807,Office Supplies,Fasteners,Sample Fasteners Product
OFF-FA-2382603,Office Supplies,Binders,Sample Binders Product
FUR-BO-1308233,Office Supplies,Supplies,Sample Supplies Product
FUR-FU-5093962,Furniture,Chairs,Sample Chairs Product
TEC-AC-3041247,Furniture,Tables,Sample Tables Product
OFF-PA-7538149,Office Supplies,Paper,Sample Paper Product
FUR-FU-5434001,Furniture,Bookcases,Sample Bookcases Product
OFF-ST-4176447,Furniture,Furnishings,Sample Furnishings Product
OFF-ST-8216375,Furniture,Bookcases,Sample Bookcases Product
OFF-FA-7523115,Technology,Phones,Sample Phones Product
TEC-AC-7447739,Furniture,Chairs,Sample Chairs Product
FUR-CH-3296915,Office Supplies,Art,Sample Art Product
TEC-AC-9892003,Technology,Machines,Sample Machines Product
FUR-BO-8633067,Technology,Accessories,Sample Accessories Product
TEC-AC-7952084,Office Supplies,Paper,Sample Paper Product
FUR-TA-1784643,Technology,Accessories,Sample Accessories Product
TEC-PH-9688232,Office Supplies,Paper,Sample Paper Product
FUR-CH-9432034,Furniture,Bookcases,Sample Bookcases Product
OFF-PA-3868681,Furniture,Chairs,Sample Chairs Product
TEC-MA-4026170,Furniture,Tables,Sample Tables Product
FUR-BO-6175335,Furniture,Chairs,Sample Chairs Product
TEC-AC-4536216,Office Supplies,Art,Sample Art Product
OFF-BI-2888103,Technology,Copiers,Sample Copiers Product
OFF-ST-6458357,Furniture,Tables,Sample Tables Product
OFF-PA-5516303,Furniture,Furnishings,Sample Furnishings Product
FUR-FU-9870468,Technology,Machines,Sample Machines Product
OFF-PA-3052870,Furniture,Bookcases,Sample Bookcases Product
TEC-MA-3577712,Furniture,Chairs,Sample Chairs Product
TEC-AC-6208332,Office Supplies,Paper,Sample Paper Product
TEC-CO-4674735,Office Supplies,Supplies,Sample Supplies Product
TEC-AC-8915244,Office Supplies,Binders,Sample Binders Product
FUR-FU-4681266,Office Supplies,Fasteners,Sample Fasteners Product
TEC-CO-1140940,Technology,Copiers,Sample Copiers Product
FUR-CH-5721848,Furniture,Chairs,Sample Chairs Product
OFF-BI-9689544,Technology,Copiers,Sample Copiers Product
TEC-PH-7081260,Office Supplies,Storage,Sample Storage Product
FUR-BO-4204755,Office Supplies,Binders,Sample Binders Product
OFF-AR-9976645,Office Supplies,Supplies,Sample Supplies Product
TEC-PH-6048316,Furniture,Chairs,Sample Chairs Product
TEC-PH-5995175,Technology,Accessories,Sample Accessories Product
FUR-FU-6785326,Office Supplies,Paper,Sample Paper Product
FUR-BO-6023955,Furniture,Bookcases,Sample Bookcases Product
TEC-CO-4785946,Furniture,Furnishings,Sample Furnishings Product
OFF-ST-5635731,Furniture,Chairs,Sample Chairs Product
FUR-BO-7342636,Office Supplies,Supplies,Sample Supplies Product
FUR-FU-9485775,Furniture,Chairs,Sample Chairs Product
OFF-SU-6647812,Furniture,Tables,Sample Tables Product
TEC-CO-7921025,Furniture,Chairs,Sample Chairs Product
TEC-CO-7994104,Furniture,Tables,Sample Tables Product
OFF-FA-3398082,Technology,Accessories,Sample Accessories Product
OFF-FA-3571181,Office Supplies,Art,Sample Art Product
FUR-FU-9813809,Office Supplies,Fasteners,Sample Fasteners Product
TEC-PH-5951920,Technology,Accessories,Sample Accessories Product
FUR-TA-3318164,Technology,Phones,Sample Phones Product
FUR-BO-4948654,Office Supplies,Storage,Sample Storage Product
TEC-PH-6210247,Office Supplies,Paper,Sample Paper Product
TEC-CO-5880082,Furniture,Tables,Sample Tables Product
FUR-CH-6779825,Office Supplies,Paper,Sample Paper Product
TEC-AC-2380967,Furniture,Furnishings,Sample Furnishings Product
OFF-PA-1445965,Office Supplies,Storage,Sample Storage Product
OFF-AR-3427932,Office Supplies,Binders,Sample Binders Product
OFF-AR-8494450,Furniture,Bookcases,Sample Bookcases Product
TEC-PH-9482293,Office Supplies,Fasteners,Sample Fasteners Product
TEC-PH-2308918,Office Supplies,Paper,Sample Paper Product
TEC-CO-3625787,Technology,Accessories,Sample Accessories Product
FUR-BO-6375643,Technology,Machines,Sample Machines Product
TEC-AC-9813078,Office Supplies,Art,Sample Art Product
TEC-CO-1029564,Technology,Machines,Sample Machines Product
TEC-CO-9335618,Technology,Phones,Sample Phones Product
FUR-TA-7783641,Technology,Copiers,Sample Copiers Product
TEC-CO-6178312,Technology,Copiers,Sample Copiers Product
TEC-AC-2195242,Office Supplies,Binders,Sample Binders Product
TEC-CO-7026771,Technology,Copiers,Sample Copiers Product
OFF-AR-6295730,Office Supplies,Paper,Sample Paper Product
TEC-MA-4174274,Furniture,Tables,Sample Tables Product
TEC-CO-4548325,Office Supplies,Storage,Sample Storage Product
FUR-TA-1064642,Technology,Phones,Sample Phones Product
OFF-BI-5713099,Furniture,Chairs,Sample Chairs Product
TEC-MA-1312076,Technology,Copiers,Sample Copiers Product
FUR-CH-6849423,Office Supplies,Paper,Sample Paper Product
TEC-MA-5305997,Technology,Machines,Sample Machines Product
OFF-SU-3140335,Furniture,Tables,Sample Tables Product
OFF-BI-2209097,Furniture,Tables,Sample Tables Product
FUR-CH-5309337,Furniture,Bookcases,Sample Bookcases Product
FUR-BO-6788653,Technology,Phones,Sample Phones Product
OFF-FA-8679371,Technology,Accessories,Sample Accessories Product
OFF-BI-6435269,Technology,Phones,Sample Phones Product
OFF-ST-6674836,Office Supplies,Paper,Sample Paper Product
TEC-PH-2358715,Office Supplies,Art,Sample Art Product
TEC-MA-3758426,Office Supplies,Paper,Sample Paper Product
TEC-MA-7463821,Office Supplies,Art,Sample Art Product
TEC-AC-5051779,Office Supplies,Art,Sample Art Product
OFF-SU-3718919,Office Supplies,Binders,Sample Binders Product
FUR-FU-9675493,Technology,Copiers,Sample Copiers Product
OFF-FA-7901491,Office Supplies,Supplies,Sample Supplies Product
FUR-BO-5009426,Office Supplies,Binders,Sample Binders Product
TEC-AC-5547347,Office Supplies,Binders,Sample Binders Product
TEC-CO-2050798,Office Supplies,Storage,Sample Storage Product
FUR-TA-4555108,Office Supplies,Paper,Sample Paper Product
FUR-FU-4489160,Technology,Machines,Sample Machines Product
TEC-PH-7651748,Technology,Copiers,Sample Copiers Product
TEC-PH-9067063,Technology,Copiers,Sample Copiers Product
OFF-AR-7849992,Office Supplies,Binders,Sample Binders Product
OFF-FA-5215068,Office Supplies,Fasteners,Sample Fasteners Product
OFF-SU-9243874,Office Supplies,Art,Sample Art Product
FUR-FU-6239428,Furniture,Chairs,Sample Chairs Product
FUR-TA-9643889,Technology,Accessories,Sample Accessories Product
TEC-CO-8703336,Office Supplies,Supplies,Sample Supplies Product
TEC-AC-7031999,Furniture,Tables,Sample Tables Product
FUR-TA-3400630,Furniture,Chairs,Sample Chairs Product
OFF-AR-6887558,Furniture,Chairs,Sample Chairs Product
FUR-FU-3188089,Office Supplies,Storage,Sample Storage Product
FUR-CH-3042606,Technology,Accessories,Sample Accessories Product
OFF-ST-7730015,Technology,Accessories,Sample Accessories Product
OFF-AR-8572315,Furniture,Bookcases,Sample Bookcases Product
FUR-BO-4027206,Office Supplies,Fasteners,Sample Fasteners Product
OFF-SU-1815481,Office Supplies,Art,Sample Art Product
TEC-PH-4942809,Furniture,Tables,Sample Tables Product
FUR-TA-3846816,Technology,Machines,Sample Machines Product
OFF-AR-6448577,Technology,Machines,Sample Machines Product
TEC-MA-2304770,Technology,Phones,Sample Phones Product
FUR-BO-1355039,Furniture,Tables,Sample Tables Product
FUR-FU-6642915,Office Supplies,Storage,Sample Storage Product
OFF-SU-7270095,Office Supplies,Fasteners,Sample Fasteners Product
FUR-TA-8223632,Furniture,Tables,Sample Tables Product
TEC-CO-2172941,Office Supplies,Paper,Sample Paper Product
OFF-BI-4859236,Office Supplies,Art,Sample Art Product
FUR-BO-9653152,Office Supplies,Paper,Sample Paper Product
TEC-CO-1311140,Furniture,Bookcases,Sample Bookcases Product
OFF-SU-1685304,Technology,Copiers,Sample Copiers Product
TEC-MA-6410862,Office Supplies,Art,Sample Art Product
TEC-AC-6206668,Furniture,Chairs,Sample Chairs Product
FUR-TA-5951816,Furniture,Bookcases,Sample Bookcases Product
TEC-CO-1712294,Technology,Phones,Sample Phones Product
OFF-BI-3659531,Technology,Phones,Sample Phones Product
OFF-FA-3496042,Office Supplies,Supplies,Sample Supplies Product
FUR-CH-2198222,Furniture,Tables,Sample Tables Product
OFF-FA-5354857,Office Supplies,Fasteners,Sample Fasteners Product
OFF-ST-5473812,Furniture,Tables,Sample Tables Product
TEC-AC-3463660,Furniture,Furnishings,Sample Furnishings Product
TEC-AC-9212643,Technology,Machines,Sample Machines Product
TEC-CO-5148035,Office Supplies,Supplies,Sample Supplies Product
TEC-CO-7064292,Technology,Copiers,Sample Copiers Product
FUR-TA-8241745,Furniture,Chairs,Sample Chairs Product
FUR-TA-4132580,Furniture,Chairs,Sample Chairs Product
OFF-FA-8546023,Furniture,Bookcases,Sample Bookcases Product
OFF-BI-8159262,Technology,Machines,Sample Machines Product
TEC-PH-4266053,Technology,Accessories,Sample Accessories Product
TEC-PH-1405856,Furniture,Bookcases,Sample Bookcases Product
FUR-CH-8572356,Technology,Phones,Sample Phones Product
OFF-ST-8171521,Furniture,Tables,Sample Tables Product
FUR-CH-8263499,Technology,Machines,Sample Machines Product
OFF-BI-4704780,Office Supplies,Art,Sample Art Product
TEC-CO-1976228,Technology,Phones,Sample Phones Product
FUR-CH-8893313,Technology,Accessories,Sample Accessories Product
FUR-CH-3194069,Technology,Phones,Sample Phones Product
OFF-SU-4645635,Technology,Machines,Sample Machines Product
OFF-AR-6890872,Technology,Copiers,Sample Copiers Product
OFF-FA-5497784,Technology,Copiers,Sample Copiers Product
TEC-MA-7055618,Office Supplies,Art,Sample Art Product
OFF-PA-2255012,Office Supplies,Fasteners,Sample Fasteners Product
TEC-MA-8341538,Furniture,Furnishings,Sample Furnishings Product
FUR-CH-7223140,Technology,Copiers,Sample Copiers Product
FUR-CH-8368282,Technology,Copiers,Sample Copiers Product
OFF-ST-6569929,Technology,Machines,Sample Machines Product
OFF-ST-3271573,Technology,Accessories,Sample Accessories Product
TEC-PH-5654004,Office Supplies,Paper,Sample Paper Product
OFF-SU-6426206,Technology,Phones,Sample Phones Product
TEC-PH-6452936,Technology,Phones,Sample Phones Product
OFF-SU-7543244,Office Supplies,Art,Sample Art Product
FUR-FU-7176863,Furniture,Bookcases,Sample Bookcases Product
FUR-TA-5644183,Office Supplies,Fasteners,Sample Fasteners Product
OFF-FA-4904663,Office Supplies,Paper,Sample Paper Product
FUR-BO-2965596,Technology,Copiers,Sample Copiers Product
OFF-FA-4968747,Office Supplies,Supplies,Sample Supplies Product
OFF-FA-7307520,Technology,Phones,Sample Phones Product
TEC-AC-2758191,Furniture,Chairs,Sample Chairs Product
OFF-PA-7838371,Office Supplies,Binders,Sample Binders Product
OFF-AR-1332017,Furniture,Chairs,Sample Chairs Product
TEC-PH-6987100,Office Supplies,Art,Sample Art Product
TEC-CO-1425902,Technology,Accessories,Sample Accessories Product
FUR-BO-5862048,Furniture,Chairs,Sample Chairs Product
FUR-BO-2448777,Furniture,Tables,Sample Tables Product
TEC-AC-5229958,Technology,Accessories,Sample Accessories Product
FUR-CH-1080085,Furniture,Furnishings,Sample Furnishings Product
OFF-SU-7915115,Technology,Accessories,Sample Accessories Product
OFF-PA-8510912,Furniture,Bookcases,Sample Bookcases Product
TEC-MA-6397353,Office Supplies,Art,Sample Art Product
TEC-PH-2142074,Furniture,Bookcases,Sample Bookcases Product
FUR-TA-5190217,Office Supplies,Paper,Sample Paper Product
OFF-ST-6558467,Technology,Phones,Sample Phones Product
TEC-CO-2297829,Furniture,Tables,Sample Tables Product
TEC-PH-1556240,Furniture,Bookcases,Sample Bookcases Product
OFF-FA-5008843,Office Supplies,Paper,Sample Paper Product
TEC-PH-8100169,Office Supplies,Fasteners,Sample Fasteners Product
TEC-AC-3485589,Technology,Phones,Sample Phones Product
OFF-ST-6922558,Office Supplies,Fasteners,Sample Fasteners Product
FUR-TA-6575440,Office Supplies,Fasteners,Sample Fasteners Product
TEC-CO-2340505,Office Supplies,Storage,Sample Storage Product
TEC-CO-8013363,Office Supplies,Art,Sample Art Product
TEC-CO-3269296,Office Supplies,Binders,Sample Binders Product
TEC-MA-9166910,Office Supplies,Paper,Sample Paper Product
OFF-SU-5408070,Office Supplies,Storage,Sample Storage Product
FUR-TA-9475815,Technology,Machines,Sample Machines Product
TEC-MA-9039200,Office Supplies,Storage,Sample Storage Product
TEC-AC-7109871,Technology,Accessories,Sample Accessories Product
TEC-CO-8218090,Furniture,Bookcases,Sample Bookcases Product
FUR-BO-9692246,Furniture,Furnishings,Sample Furnishings Product
FUR-FU-7576632,Technology,Accessories,Sample Accessories Product
FUR-CH-9749888,Technology,Copiers,Sample Copiers Product
FUR-CH-7720835,Office Supplies,Supplies,Sample Supplies Product
FUR-BO-2982517,Office Supplies,Paper,Sample Paper Product
FUR-BO-9545646,Technology,Accessories,Sample Accessories Product
FUR-TA-9260837,Furniture,Tables,Sample Tables Product
OFF-ST-8364123,Technology,Accessories,Sample Accessories Product
TEC-AC-6673781,Office Supplies,Storage,Sample Storage Product
FUR-CH-6079360,Technology,Phones,Sample Phones Product
TEC-MA-7117759,Technology,Phones,Sample Phones Product
FUR-TA-4346874,Office Supplies,Binders,Sample Binders Product
OFF-SU-8426242,Technology,Machines,Sample Machines Product
OFF-ST-1308996,Office Supplies,Storage,Sample Storage Product
OFF-ST-7654409,Office Supplies,Storage,Sample Storage Product
OFF-BI-4535803,Furniture,Tables,Sample Tables Product
TEC-AC-7245718,Furniture,Bookcases,Sample Bookcases Product
TEC-CO-2809973,Furniture,Tables,Sample Tables Product
FUR-TA-8156753,Furniture,Tables,Sample Tables Product
OFF-AR-2345919,Office Supplies,Fasteners,Sample Fasteners Product
OFF-SU-1958801,Technology,Copiers,Sample Copiers Product
OFF-SU-2920602,Technology,Phones,Sample Phones Product
OFF-ST-5651093,Technology,Accessories,Sample Accessories Product
TEC-MA-3361389,Office Supplies,Storage,Sample Storage Product
OFF-BI-5854298,Furniture,Bookcases,Sample Bookcases Product
TEC-PH-5157588,Office Supplies,Supplies,Sample Supplies Product
FUR-BO-6478160,Furniture,Furnishings,Sample Furnishings Product
TEC-MA-4196136,Furniture,Chairs,Sample Chairs Product
TEC-MA-5993496,Furniture,Bookcases,Sample Bookcases Product
TEC-PH-1647596,Technology,Machines,Sample Machines Product
FUR-TA-1692935,Technology,Machines,Sample Machines Product
FUR-CH-4870685,Office Supplies,Fasteners,Sample Fasteners Product
FUR-TA-2721668,Technology,Accessories,Sample Accessories Product
TEC-PH-7136920,Furniture,Furnishings,Sample Furnishings Product
FUR-BO-9820252,Office Supplies,Binders,Sample Binders Product
FUR-CH-4141960,Technology,Phones,Sample Phones Product
OFF-PA-4078424,Technology,Accessories,Sample Accessories Product
FUR-FU-8643855,Furniture,Chairs,Sample Chairs Product
FUR-TA-9557435,Furniture,Furnishings,Sample Furnishings Product
OFF-ST-5572097,Technology,Accessories,Sample Accessories Product
OFF-ST-7469516,Office Supplies,Art,Sample Art Product
FUR-BO-5326724,Technology,Phones,Sample Phones Product
FUR-CH-7511741,Furniture,Chairs,Sample Chairs Product
TEC-PH-4677355,Technology,Phones,Sample Phones Product
FUR-FU-5155617,Furniture,Tables,Sample Tables Product
OFF-SU-7755929,Office Supplies,Binders,Sample Binders Product
OFF-FA-3699822,Office Supplies,Art,Sample Art Product
TEC-CO-3589486,Office Supplies,Art,Sample Art Product
OFF-AR-9429639,Technology,Phones,Sample Phones Product
TEC-AC-8566840,Technology,Copiers,Sample Copiers Product
TEC-CO-4727678,Furniture,Bookcases,Sample Bookcases Product
FUR-CH-5392110,Technology,Accessories,Sample Accessories Product
OFF-SU-1613571,Technology,Phones,Sample Phones Product
TEC-PH-9032610,Furniture,Tables,Sample Tables Product
FUR-FU-6039051,Office Supplies,Storage,Sample Storage Product
TEC-AC-4571964,Technology,Copiers,Sample Copiers Product
FUR-BO-4615634,Furniture,Bookcases,Sample Bookcases Product
OFF-FA-3705962,Technology,Accessories,Sample Accessories Product
FUR-CH-5189490,Technology,Machines,Sample Machines Product
FUR-CH-2958441,Technology,Copiers,Sample Copiers Product
FUR-FU-9490766,Furniture,Tables,Sample Tables Product
FUR-BO-6235854,Technology,Machines,Sample Machines Product
TEC-AC-3205971,Office Supplies,Supplies,Sample Supplies Product
TEC-PH-7187711,Technology,Copiers,Sample Copiers Product
TEC-CO-8019263,Furniture,Furnishings,Sample Furnishings Product
FUR-BO-4161723,Technology,Accessories,Sample Accessories Product
TEC-CO-1750319,Technology,Copiers,Sample Copiers Product
OFF-ST-2731534,Technology,Copiers,Sample Copiers Product
OFF-AR-2316376,Furniture,Chairs,Sample Chairs Product
OFF-PA-3317491,Furniture,Chairs,Sample Chairs Product
OFF-SU-8414801,Office Supplies,Supplies,Sample Supplies Product
OFF-ST-8051278,Furniture,Bookcases,Sample Bookcases Product
OFF-PA-8448400,Technology,Machines,Sample Machines Product
FUR-BO-9409369,Furniture,Bookcases,Sample Bookcases Product
OFF-FA-8777367,Technology,Machines,Sample Machines Product
OFF-ST-9094126,Technology,Accessories,Sample Accessories Product
FUR-BO-7469770,Furniture,Chairs,Sample Chairs Product
FUR-FU-4151878,Furniture,Bookcases,Sample Bookcases Product
FUR-BO-1755194,Technology,Copiers,Sample Copiers Product
FUR-FU-3487922,Technology,Copiers,Sample Copiers Product
OFF-FA-2524548,Technology,Copiers,Sample Copiers Product
TEC-MA-9916023,Furniture,Bookcases,Sample Bookcases Product
FUR-CH-3673648,Office Supplies,Art,Sample Art Product
FUR-CH-3187281,Furniture,Furnishings,Sample Furnishings Product
FUR-CH-4598998,Technology,Machines,Sample Machines Product
FUR-BO-9999802,Office Supplies,Fasteners,Sample Fasteners Product
FUR-TA-5137981,Furniture,Bookcases,Sample Bookcases Product
TEC-AC-4380200,Office Supplies,Paper,Sample Paper Product
OFF-AR-5429315,Office Supplies,Binders,Sample Binders Product
OFF-PA-5429128,Technology,Phones,Sample Phones Product
OFF-AR-8663717,Office Supplies,Binders,Sample Binders Product
OFF-ST-1247621,Furniture,Chairs,Sample Chairs Product
TEC-MA-3545263,Office Supplies,Binders,Sample Binders Product
OFF-ST-1498343,Technology,Phones,Sample Phones Product
TEC-PH-7934343,Office Supplies,Supplies,Sample Supplies Product
TEC-MA-2890140,Technology,Phones,Sample Phones Product
OFF-SU-7939324,Office Supplies,Storage,Sample Storage Product
FUR-BO-6713681,Furniture,Tables,Sample Tables Product
TEC-PH-7583521,Office Supplies,Fasteners,Sample Fasteners Product
FUR-TA-7796488,Office Supplies,Storage,Sample Storage Product
FUR-TA-8087997,Technology,Machines,Sample Machines Product
TEC-MA-1296228,Furniture,Chairs,Sample Chairs Product
FUR-CH-3095452,Technology,Accessories,Sample Accessories Product
OFF-SU-1050104,Office Supplies,Fasteners,Sample Fasteners Product
TEC-CO-1818789,Technology,Machines,Sample Machines Product
OFF-BI-8772618,Office Supplies,Storage,Sample Storage Product
FUR-TA-5310516,Furniture,Chairs,Sample Chairs Product
TEC-PH-5406605,Furniture,Bookcases,Sample Bookcases Product
OFF-PA-1180672,Technology,Machines,Sample Machines Product
TEC-CO-7391382,Technology,Accessories,Sample Accessories Product
TEC-PH-4523859,Technology,Copiers,Sample Copiers Product
TEC-MA-5919567,Furniture,Furnishings,Sample Furnishings Product
TEC-AC-7036874,Furniture,Chairs,Sample Chairs Product
OFF-PA-5059336,Furniture,Tables,Sample Tables Product
TEC-MA-6121484,Furniture,Furnishings,Sample Furnishings Product
FUR-CH-9732956,Furniture,Tables,Sample Tables Product
FUR-FU-5392977,Furniture,Furnishings,Sample Furnishings Product
FUR-FU-3642113,Office Supplies,Paper,Sample Paper Product
FUR-FU-3525510,Furniture,Bookcases,Sample Bookcases Product
OFF-PA-1372766,Technology,Machines,Sample Machines Product
FUR-TA-7692878,Technology,Machines,Sample Machines Product
FUR-BO-7531489,Technology,Phones,Sample Phones Product
OFF-ST-8157291,Furniture,Furnishings,Sample Furnishings Product
FUR-FU-5676048,Furniture,Tables,Sample Tables Product
TEC-MA-1068954,Office Supplies,Art,Sample Art Product
FUR-FU-3507186,Office Supplies,Paper,Sample Paper Product
TEC-MA-4526687,Furniture,Furnishings,Sample Furnishings Product
FUR-CH-1479480,Office Supplies,Paper,Sample Paper Product
OFF-FA-1418798,Office Supplies,Fasteners,Sample Fasteners Product
FUR-TA-8704209,Office Supplies,Storage,Sample Storage Product
TEC-PH-6657159,Furniture,Chairs,Sample Chairs Product
TEC-AC-2752269,Furniture,Furnishings,Sample Furnishings Product
OFF-BI-4022469,Technology,Machines,Sample Machines Product
TEC-PH-4979885,Office Supplies,Storage,Sample Storage Product
OFF-SU-6688450,Office Supplies,Paper,Sample Paper Product
FUR-TA-8796849,Office Supplies,Paper,Sample Paper Product
TEC-PH-5831675,Technology,Accessories,Sample Accessories Product
FUR-TA-8457161,Technology,Accessories,Sample Accessories Product
FUR-FU-8185623,Furniture,Chairs,Sample Chairs Product
TEC-AC-8163576,Technology,Phones,Sample Phones Product
TEC-AC-5347226,Furniture,Tables,Sample Tables Product
OFF-SU-6181531,Furniture,Chairs,Sample Chairs Product
OFF-SU-9858709,Office Supplies,Fasteners,Sample Fasteners Product
TEC-CO-4552361,Furniture,Tables,Sample Tables Product
OFF-SU-7274388,Furniture,Chairs,Sample Chairs Product
TEC-PH-7870405,Office Supplies,Fasteners,Sample Fasteners Product
OFF-AR-2777034,Furniture,Bookcases,Sample Bookcases Product
OFF-PA-1025044,Office Supplies,Supplies,Sample Supplies Product
TEC-AC-9470603,Office Supplies,Storage,Sample Storage Product
TEC-CO-9820042,Office Supplies,Fasteners,Sample Fasteners Product
OFF-ST-4595692,Technology,Phones,Sample Phones Product
FUR-BO-4451489,Office Supplies,Storage,Sample Storage Product
OFF-PA-2032518,Furniture,Furnishings,Sample Furnishings Product
TEC-CO-7014351,Furniture,Tables,Sample Tables Product
OFF-AR-7719739,Furniture,Chairs,Sample Chairs Product
OFF-BI-4630539,Furniture,Bookcases,Sample Bookcases Product
OFF-SU-6358442,Technology,Accessories,Sample Accessories Product
TEC-PH-6824229,Office Supplies,Fasteners,Sample Fasteners Product
TEC-AC-6927026,Furniture,Chairs,Sample Chairs Product
FUR-TA-8406458,Office Supplies,Paper,Sample Paper Product
TEC-AC-9273820,Technology,Copiers,Sample Copiers Product
OFF-AR-2346830,Furniture,Chairs,Sample Chairs Product
TEC-CO-8761002,Technology,Copiers,Sample Copiers Product
FUR-BO-5225837,Furniture,Furnishings,Sample Furnishings Product
TEC-MA-5998790,Furniture,Bookcases,Sample Bookcases Product
OFF-BI-4719335,Office Supplies,Art,Sample Art Product
OFF-ST-7096943,Furniture,Tables,Sample Tables Product
FUR-CH-9906683,Furniture,Tables,Sample Tables Product
OFF-ST-5788447,Technology,Phones,Sample Phones Product
OFF-BI-8575430,Office Supplies,Binders,Sample Binders Product
FUR-FU-3388619,Furniture,Chairs,Sample Chairs Product
TEC-PH-3943436,Furniture,Bookcases,Sample Bookcases Product
OFF-FA-3002990,Office Supplies,Paper,Sample Paper Product
OFF-ST-3086986,Office Supplies,Storage,Sample Storage Product
FUR-TA-9775239,Furniture,Bookcases,Sample Bookcases Product
TEC-MA-2330523,Technology,Copiers,Sample Copiers Product
TEC-CO-4672640,Office Supplies,Paper,Sample Paper Product
FUR-FU-9471187,Furniture,Tables,Sample Tables Product
TEC-MA-7554937,Office Supplies,Art,Sample Art Product
TEC-CO-6191965,Technology,Accessories,Sample Accessories Product
OFF-PA-1969106,Technology,Machines,Sample Machines Product
TEC-CO-6150683,Office Supplies,Storage,Sample Storage Product
FUR-BO-2196750,Furniture,Chairs,Sample Chairs Product
TEC-PH-9924623,Technology,Copiers,Sample Copiers Product
TEC-AC-8297730,Office Supplies,Fasteners,Sample Fasteners Product
TEC-CO-3655726,Office Supplies,Storage,Sample Storage Product
FUR-FU-4267486,Office Supplies,Supplies,Sample Supplies Product
TEC-AC-1530311,Furniture,Furnishings,Sample Furnishings Product
OFF-ST-8656995,Technology,Copiers,Sample Copiers Product
FUR-CH-5166954,Technology,Copiers,Sample Copiers Product
OFF-ST-2704892,Office Supplies,Paper,Sample Paper Product
TEC-PH-8962377,Office Supplies,Supplies,Sample Supplies Product
TEC-PH-5592637,Office Supplies,Fasteners,Sample Fasteners Product
OFF-PA-1231408,Technology,Phones,Sample Phones Product
FUR-TA-6286007,Office Supplies,Fasteners,Sample Fasteners Product
FUR-BO-3642416,Furniture,Furnishings,Sample Furnishings Product
OFF-ST-1578988,Technology,Accessories,Sample Accessories Product
TEC-MA-3807142,Office Supplies,Art,Sample Art Product
OFF-PA-8599814,Furniture,Bookcases,Sample Bookcases Product
OFF-FA-6139675,Office Supplies,Paper,Sample Paper Product
TEC-CO-3527205,Office Supplies,Paper,Sample Paper Product
TEC-MA-3878902,Technology,Machines,Sample Machines Product
OFF-PA-2022618,Technology,Accessories,Sample Accessories Product
TEC-CO-3763983,Office Supplies,Binders,Sample Binders Product
FUR-BO-8663917,Technology,Machines,Sample Machines Product
FUR-BO-8696957,Furniture,Bookcases,Sample Bookcases Product
TEC-MA-9067969,Office Supplies,Paper,Sample Paper Product
TEC-AC-4488320,Furniture,Tables,Sample Tables Product
TEC-AC-6167007,Furniture,Furnishings,Sample Furnishings Product
FUR-CH-1651178,Office Supplies,Binders,Sample Binders Product
FUR-TA-7548436,Technology,Accessories,Sample Accessories Product
TEC-MA-2940130,Furniture,Tables,Sample Tables Product
TEC-PH-3219825,Office Supplies,Supplies,Sample Supplies Product
FUR-CH-3962232,Technology,Copiers,Sample Copiers Product
TEC-AC-6221785,Technology,Accessories,Sample Accessories Product
OFF-BI-7851346,Office Supplies,Supplies,Sample Supplies Product
TEC-CO-3310745,Technology,Machines,Sample Machines Product
TEC-AC-9501520,Furniture,Furnishings,Sample Furnishings Product
TEC-PH-1936388,Office Supplies,Binders,Sample Binders Product
FUR-FU-1495118,Technology,Accessories,Sample Accessories Product
TEC-CO-6496082,Office Supplies,Fasteners,Sample Fasteners Product
TEC-CO-7595279,Technology,Phones,Sample Phones Product
OFF-BI-6056806,Furniture,Bookcases,Sample Bookcases Product
OFF-AR-8664742,Office Supplies,Binders,Sample Binders Product
OFF-FA-5459939,Office Supplies,Storage,Sample Storage Product
OFF-AR-6083834,Office Supplies,Binders,Sample Binders Product
FUR-FU-6410068,Furniture,Tables,Sample Tables Product
TEC-MA-6267850,Office Supplies,Supplies,Sample Supplies Product
OFF-ST-5828855,Office Supplies,Supplies,Sample Supplies Product
FUR-TA-3663342,Technology,Phones,Sample Phones Product
FUR-TA-6347175,Technology,Phones,Sample Phones Product
TEC-CO-8029291,Furniture,Chairs,Sample Chairs Product
TEC-AC-1577193,Technology,Copiers,Sample Copiers Product
TEC-CO-5118160,Furniture,Chairs,Sample Chairs Product
OFF-PA-2040721,Office Supplies,Paper,Sample Paper Product
FUR-CH-9886448,Office Supplies,Paper,Sample Paper Product
OFF-PA-2680202,Furniture,Bookcases,Sample Bookcases Product
TEC-CO-5008327,Furniture,Bookcases,Sample Bookcases Product
FUR-TA-5422300,Technology,Phones,Sample Phones Product
FUR-TA-9764447,Technology,Machines,Sample Machines Product
TEC-PH-4673676,Furniture,Tables,Sample Tables Product
OFF-FA-5403278,Furniture,Furnishings,Sample Furnishings Product
TEC-MA-6507753,Furniture,Chairs,Sample Chairs Product
FUR-TA-7243876,Technology,Phones,Sample Phones Product
OFF-BI-9708045,Office Supplies,Paper,Sample Paper Product
TEC-MA-1119205,Technology,Machines,Sample Machines Product
TEC-MA-4198683,Furniture,Chairs,Sample Chairs Product
FUR-CH-8078565,Office Supplies,Storage,Sample Storage Product
OFF-AR-5596529,Office Supplies,Binders,Sample Binders Product
FUR-TA-8063942,Office Supplies,Storage,Sample Storage Product
TEC-CO-2862080,Office Supplies,Fasteners,Sample Fasteners Product
OFF-FA-2209595,Furniture,Bookcases,Sample Bookcases Product
OFF-AR-4458968,Technology,Phones,Sample Phones Product
TEC-AC-6921408,Office Supplies,Fasteners,Sample Fasteners Product
FUR-TA-7398768,Furniture,Chairs,Sample Chairs Product
TEC-CO-7651767,Office Supplies,Art,Sample Art Product
OFF-AR-9693820,Technology,Accessories,Sample Accessories Product
OFF-ST-9557799,Office Supplies,Art,Sample Art Product
OFF-ST-8397178,Office Supplies,Storage,Sample Storage Product
FUR-TA-3315609,Furniture,Tables,Sample Tables Product
FUR-CH-3739306,Technology,Machines,Sample Machines Product
OFF-FA-1778348,Furniture,Bookcases,Sample Bookcases Product
TEC-AC-6806704,Furniture,Bookcases,Sample Bookcases Product
TEC-AC-3522086,Technology,Phones,Sample Phones Product
OFF-BI-4118671,Office Supplies,Storage,Sample Storage Product
FUR-TA-5700192,Technology,Accessories,Sample Accessories Product
OFF-PA-3361175,Furniture,Bookcases,Sample Bookcases Product
FUR-BO-4474946,Technology,Accessories,Sample Accessories Product
OFF-AR-3413350,Office Supplies,Art,Sample Art Product
TEC-MA-3536006,Furniture,Bookcases,Sample Bookcases Product
TEC-PH-2006274,Office Supplies,Supplies,Sample Supplies Product
FUR-FU-2994418,Furniture,Chairs,Sample Chairs Product
OFF-ST-9996991,Furniture,Chairs,Sample Chairs Product
TEC-MA-9530228,Office Supplies,Storage,Sample Storage Product
TEC-PH-9179601,Office Supplies,Fasteners,Sample Fasteners Product
TEC-PH-4288223,Technology,Machines,Sample Machines Product
FUR-FU-7157646,Office Supplies,Binders,Sample Binders Product
OFF-FA-1725004,Office Supplies,Supplies,Sample Supplies Product
TEC-MA-6703242,Furniture,Tables,Sample Tables Product
TEC-CO-8053852,Furniture,Bookcases,Sample Bookcases Product
TEC-MA-8228647,Furniture,Chairs,Sample Chairs Product
OFF-BI-3044356,Furniture,Chairs,Sample Chairs Product
OFF-ST-9854358,Furniture,Tables,Sample Tables Product
TEC-AC-7583539,Office Supplies,Supplies,Sample Supplies Product
OFF-ST-7800613,Furniture,Chairs,Sample Chairs Product
OFF-AR-8841790,Technology,Copiers,Sample Copiers Product
TEC-PH-6208152,Furniture,Tables,Sample Tables Product
FUR-CH-8704655,Office Supplies,Storage,Sample Storage Product
FUR-BO-2939213,Furniture,Bookcases,Sample Bookcases Product
OFF-PA-5457411,Technology,Machines,Sample Machines Product
FUR-TA-1851438,Office Supplies,Paper,Sample Paper Product
TEC-PH-6849642,Office Supplies,Storage,Sample Storage Product
OFF-AR-5541872,Office Supplies,Paper,Sample Paper Product
FUR-TA-8228548,Technology,Copiers,Sample Copiers Product
TEC-CO-5966974,Furniture,Furnishings,Sample Furnishings Product
FUR-TA-2763256,Technology,Machines,Sample Machines Product
TEC-PH-5667587,Office Supplies,Art,Sample Art Product
TEC-PH-6422520,Technology,Machines,Sample Machines Product
FUR-CH-3921193,Technology,Phones,Sample Phones Product
FUR-TA-6644210,Office Supplies,Storage,Sample Storage Product
TEC-CO-2959004,Furniture,Tables,Sample Tables Product
FUR-BO-9364202,Office Supplies,Binders,Sample Binders Product
FUR-CH-8357372,Furniture,Furnishings,Sample Furnishings Product
FUR-FU-3289018,Technology,Phones,Sample Phones Product
TEC-PH-6086634,Office Supplies,Fasteners,Sample Fasteners Product
OFF-PA-7647644,Office Supplies,Binders,Sample Binders Product
OFF-SU-9650650,Technology,Machines,Sample Machines Product
FUR-FU-2481712,Furniture,Furnishings,Sample Furnishings Product
OFF-FA-4626362,Furniture,Chairs,Sample Chairs Product
TEC-MA-9642123,Technology,Machines,Sample Machines Product
FUR-BO-7788058,Office Supplies,Binders,Sample Binders Product
OFF-ST-4987137,Furniture,Bookcases,Sample Bookcases Product
OFF-SU-3353254,Furniture,Bookcases,Sample Bookcases Product
TEC-PH-1722385,Furniture,Chairs,Sample Chairs Product
TEC-CO-7084081,Office Supplies,Art,Sample Art Product
FUR-FU-7693727,Technology,Accessories,Sample Accessories Product
OFF-PA-9524539,Furniture,Bookcases,Sample Bookcases Product
TEC-MA-7703547,Technology,Machines,Sample Machines Product
TEC-CO-1563225,Office Supplies,Art,Sample Art Product
OFF-FA-6766067,Office Supplies,Binders,Sample Binders Product
TEC-CO-3941917,Furniture,Furnishings,Sample Furnishings Product
TEC-PH-2760107,Technology,Accessories,Sample Accessories Product
TEC-PH-9944212,Furniture,Bookcases,Sample Bookcases Product
OFF-SU-6384627,Office Supplies,Supplies,Sample Supplies Product
TEC-PH-4269617,Technology,Accessories,Sample Accessories Product
TEC-CO-4695800,Office Supplies,Fasteners,Sample Fasteners Product
TEC-CO-8472696,Technology,Copiers,Sample Copiers Product
TEC-CO-6627808,Office Supplies,Art,Sample Art Product
TEC-AC-6207755,Furniture,Bookcases,Sample Bookcases Product
OFF-SU-5257935,Technology,Machines,Sample Machines Product
FUR-TA-7983721,Office Supplies,Storage,Sample Storage Product
TEC-AC-8877888,Office Supplies,Binders,Sample Binders Product
OFF-AR-2891890,Technology,Accessories,Sample Accessories Product
TEC-PH-3193037,Furniture,Tables,Sample Tables Product
FUR-BO-9350519,Furniture,Furnishings,Sample Furnishings Product
FUR-FU-2403944,Furniture,Furnishings,Sample Furnishings Product
FUR-FU-4803882,Office Supplies,Supplies,Sample Supplies Product
OFF-ST-9591505,Furniture,Tables,Sample Tables Product
OFF-ST-2173858,Office Supplies,Art,Sample Art Product
TEC-CO-9298923,Office Supplies,Storage,Sample Storage Product
FUR-CH-3411359,Office Supplies,Paper,Sample Paper Product
OFF-SU-8596878,Technology,Machines,Sample Machines Product
TEC-AC-1764809,Technology,Machines,Sample Machines Product
FUR-CH-2783336,Furniture,Tables,Sample Tables Product
FUR-CH-1434999,Technology,Phones,Sample Phones Product
TEC-PH-9297252,Office Supplies,Storage,Sample Storage Product
TEC-PH-5149950,Furniture,Bookcases,Sample Bookcases Product
OFF-BI-5175430,Technology,Accessories,Sample Accessories Product
TEC-AC-3502661,Office Supplies,Storage,Sample Storage Product
FUR-FU-3902303,Technology,Accessories,Sample Accessories Product
TEC-MA-9435520,Technology,Accessories,Sample Accessories Product
OFF-AR-9001946,Furniture,Tables,Sample Tables Product
TEC-PH-3854107,Technology,Phones,Sample Phones Product
FUR-FU-3298871,Furniture,Bookcases,Sample Bookcases Product
TEC-PH-3439340,Office Supplies,Fasteners,Sample Fasteners Product
FUR-BO-6117575,Office Supplies,Supplies,Sample Supplies Product
OFF-PA-8440006,Technology,Accessories,Sample Accessories Product
TEC-MA-6300593,Technology,Accessories,Sample Accessories Product
TEC-PH-3212860,Furniture,Tables,Sample Tables Product
OFF-PA-9071466,Technology,Accessories,Sample Accessories Product
TEC-CO-7121075,Office Supplies,Binders,Sample Binders Product
TEC-AC-7412044,Technology,Machines,Sample Machines Product
FUR-FU-2311284,Technology,Copiers,Sample Copiers Product
TEC-CO-2402356,Technology,Phones,Sample Phones Product
OFF-PA-8045343,Technology,Copiers,Sample Copiers Product
FUR-CH-5320121,Furniture,Furnishings,Sample Furnishings Product
FUR-BO-8318936,Technology,Phones,Sample Phones Product
OFF-AR-2198404,Technology,Machines,Sample Machines Product
FUR-FU-2794550,Technology,Accessories,Sample Accessories Product
FUR-BO-4831956,Furniture,Bookcases,Sample Bookcases Product
FUR-BO-4930283,Technology,Phones,Sample Phones Product
FUR-FU-5542852,Technology,Copiers,Sample Copiers Product
OFF-BI-5032028,Technology,Phones,Sample Phones Product
FUR-BO-8989627,Technology,Phones,Sample Phones Product
TEC-CO-7825682,Furniture,Tables,Sample Tables Product
FUR-TA-9255721,Technology,Machines,Sample Machines Product
TEC-CO-2375310,Technology,Copiers,Sample Copiers Product
FUR-CH-5046414,Office Supplies,Paper,Sample Paper Product
FUR-BO-2559569,Office Supplies,Paper,Sample Paper Product
TEC-AC-1605694,Technology,Phones,Sample Phones Product
FUR-FU-3273938,Office Supplies,Art,Sample Art Product
TEC-CO-2741405,Office Supplies,Paper,Sample Paper Product
TEC-CO-3138610,Furniture,Tables,Sample Tables Product
FUR-CH-4172125,Office Supplies,Binders,Sample Binders Product
FUR-TA-4469200,Furniture,Tables,Sample Tables Product
OFF-SU-1645021,Office Supplies,Binders,Sample Binders Product
TEC-MA-4705837,Technology,Machines,Sample Machines Product
TEC-MA-6654266,Technology,Machines,Sample Machines Product
FUR-CH-4276245,Office Supplies,Storage,Sample Storage Product
FUR-TA-6931397,Office Supplies,Paper,Sample Paper Product
FUR-BO-8256762,Office Supplies,Art,Sample Art Product
OFF-AR-4106980,Furniture,Tables,Sample Tables Product
OFF-FA-6130063,Furniture,Furnishings,Sample Furnishings Product
OFF-SU-1080310,Furniture,Furnishings,Sample Furnishings Product
TEC-AC-6078883,Office Supplies,Binders,Sample Binders Product
OFF-PA-5225642,Technology,Copiers,Sample Copiers Product
TEC-PH-4307327,Furniture,Tables,Sample Tables Product
FUR-FU-9858534,Office Supplies,Storage,Sample Storage Product
FUR-BO-1923385,Technology,Accessories,Sample Accessories Product
TEC-AC-4681569,Technology,Phones,Sample Phones Product
FUR-TA-3523052,Office Supplies,Art,Sample Art Product
FUR-TA-4696670,Technology,Accessories,Sample Accessories Product
TEC-MA-3462328,Office Supplies,Binders,Sample Binders Product
FUR-FU-5430960,Furniture,Tables,Sample Tables Product
TEC-CO-5410887,Technology,Copiers,Sample Copiers Product
TEC-PH-6051966,Technology,Phones,Sample Phones Product
FUR-FU-7313078,Office Supplies,Binders,Sample Binders Product
TEC-MA-2552019,Furniture,Chairs,Sample Chairs Product
TEC-CO-8896981,Technology,Copiers,Sample Copiers Product
OFF-BI-8103485,Technology,Phones,Sample Phones Product
OFF-FA-3285561,Furniture,Furnishings,Sample Furnishings Product
FUR-BO-1527644,Office Supplies,Supplies,Sample Supplies Product
FUR-FU-4924840,Office Supplies,Storage,Sample Storage Product
OFF-BI-9728909,Technology,Machines,Sample Machines Product
OFF-BI-3851535,Technology,Phones,Sample Phones Product
FUR-BO-1635849,Office Supplies,Art,Sample Art Product
OFF-PA-3082337,Technology,Copiers,Sample Copiers Product
TEC-CO-4283611,Office Supplies,Fasteners,Sample Fasteners Product
FUR-FU-8303238,Technology,Accessories,Sample Accessories Product
TEC-CO-5886416,Technology,Phones,Sample Phones Product
TEC-CO-2480432,Technology,Machines,Sample Machines Product
FUR-CH-4462047,Furniture,Bookcases,Sample Bookcases Product
FUR-FU-9007970,Technology,Phones,Sample Phones Product
TEC-PH-4815923,Office Supplies,Storage,Sample Storage Product
TEC-PH-4326765,Technology,Copiers,Sample Copiers Product
TEC-PH-3572126,Furniture,Chairs,Sample Chairs Product
FUR-BO-5919728,Office Supplies,Supplies,Sample Supplies Product
TEC-CO-9734020,Furniture,Furnishings,Sample Furnishings Product
FUR-FU-9365877,Technology,Copiers,Sample Copiers Product
TEC-MA-6737739,Furniture,Bookcases,Sample Bookcases Product
OFF-ST-4586063,Office Supplies,Paper,Sample Paper Product
FUR-BO-7712463,Technology,Machines,Sample Machines Product
OFF-ST-8996370,Office Supplies,Binders,Sample Binders Product
OFF-SU-3065162,Office Supplies,Storage,Sample Storage Product
FUR-FU-3226593,Technology,Accessories,Sample Accessories Product
OFF-BI-7706452,Furniture,Bookcases,Sample Bookcases Product
OFF-SU-1263796,Furniture,Tables,Sample Tables Product
OFF-ST-3251462,Furniture,Chairs,Sample Chairs Product
OFF-FA-8632992,Office Supplies,Supplies,Sample Supplies Product
OFF-SU-8939116,Furniture,Tables,Sample Tables Product
OFF-BI-5521193,Technology,Phones,Sample Phones Product
FUR-BO-6827688,Technology,Copiers,Sample Copiers Product
FUR-CH-8362941,Technology,Phones,Sample Phones Product
FUR-TA-3379597,Furniture,Bookcases,Sample Bookcases Product
FUR-TA-4540009,Office Supplies,Fasteners,Sample Fasteners Product
OFF-SU-4467569,Office Supplies,Paper,Sample Paper Product
OFF-PA-7769174,Furniture,Furnishings,Sample Furnishings Product
TEC-PH-1178258,Office Supplies,Binders,Sample Binders Product
OFF-SU-4156242,Furniture,Bookcases,Sample Bookcases Product
OFF-ST-5701517,Office Supplies,Art,Sample Art Product
TEC-PH-5504850,Furniture,Chairs,Sample Chairs Product
TEC-AC-6757586,Office Supplies,Binders,Sample Binders Product
OFF-FA-7728931,Furniture,Bookcases,Sample Bookcases Product
FUR-FU-2153058,Office Supplies,Binders,Sample Binders Product
FUR-CH-8203418,Furniture,Furnishings,Sample Furnishings Product
OFF-AR-7715905,Technology,Phones,Sample Phones Product
TEC-CO-5384896,Furniture,Chairs,Sample Chairs Product
TEC-AC-9793044,Furniture,Bookcases,Sample Bookcases Product
FUR-CH-7224333,Furniture,Furnishings,Sample Furnishings Product
FUR-CH-5737612,Technology,Phones,Sample Phones Product
OFF-AR-9062723,Office Supplies,Art,Sample Art Product
OFF-FA-5630096,Technology,Phones,Sample Phones Product
TEC-PH-4598770,Office Supplies,Storage,Sample Storage Product
OFF-AR-3687153,Office Supplies,Supplies,Sample Supplies Product
OFF-FA-3388562,Furniture,Tables,Sample Tables Product
TEC-MA-3852898,Technology,Phones,Sample Phones Product
FUR-BO-4887167,Furniture,Furnishings,Sample Furnishings Product
FUR-FU-5234502,Office Supplies,Fasteners,Sample Fasteners Product
TEC-AC-8107623,Furniture,Furnishings,Sample Furnishings Product
FUR-CH-1364105,Furniture,Tables,Sample Tables Product
FUR-TA-3858549,Furniture,Tables,Sample Tables Product
TEC-PH-6076324,Office Supplies,Supplies,Sample Supplies Product
OFF-ST-6931144,Office Supplies,Storage,Sample Storage Product
FUR-TA-2504710,Office Supplies,Paper,Sample Paper Product
TEC-MA-5731867,Technology,Accessories,Sample Accessories Product
FUR-CH-9469719,Furniture,Bookcases,Sample Bookcases Product
OFF-ST-1796661,Furniture,Furnishings,Sample Furnishings Product
TEC-AC-3305788,Technology,Accessories,Sample Accessories Product
FUR-BO-5457870,Furniture,Bookcases,Sample Bookcases Product
TEC-PH-4695781,Office Supplies,Binders,Sample Binders Product
TEC-AC-4757974,Technology,Copiers,Sample Copiers Product
FUR-CH-8839511,Technology,Copiers,Sample Copiers Product
OFF-FA-9408683,Office Supplies,Paper,Sample Paper Product
TEC-PH-3867389,Office Supplies,Paper,Sample Paper Product
OFF-PA-3843997,Technology,Machines,Sample Machines Product
FUR-FU-3327483,Technology,Machines,Sample Machines Product
TEC-CO-1740391,Furniture,Chairs,Sample Chairs Product
TEC-AC-4963035,Technology,Machines,Sample Machines Product
FUR-CH-1563636,Office Supplies,Storage,Sample Storage Product
TEC-CO-4640916,Office Supplies,Art,Sample Art Product
TEC-CO-1747910,Office Supplies,Paper,Sample Paper Product
FUR-FU-1747260,Office Supplies,Art,Sample Art Product
FUR-FU-9191668,Furniture,Tables,Sample Tables Product
TEC-AC-4623715,Furniture,Bookcases,Sample Bookcases Product
TEC-AC-6152363,Office Supplies,Art,Sample Art Product
FUR-BO-2000531,Office Supplies,Paper,Sample Paper Product
FUR-FU-7718937,Furniture,Bookcases,Sample Bookcases Product
FUR-FU-4046892,Office Supplies,Paper,Sample Paper Product
FUR-CH-2329740,Office Supplies,Supplies,Sample Supplies Product
TEC-CO-4130191,Technology,Copiers,Sample Copiers Product
TEC-CO-2173463,Technology,Accessories,Sample Accessories Product
FUR-FU-4131547,Technology,Accessories,Sample Accessories Product
TEC-MA-6185359,Furniture,Bookcases,Sample Bookcases Product
OFF-BI-7339047,Office Supplies,Paper,Sample Paper Product
TEC-MA-3812483,Office Supplies,Supplies,Sample Supplies Product
OFF-ST-2549725,Furniture,Bookcases,Sample Bookcases Product
FUR-CH-8982363,Technology,Accessories,Sample Accessories Product
FUR-CH-7459750,Furniture,Tables,Sample Tables Product
FUR-FU-7601236,Furniture,Chairs,Sample Chairs Product
OFF-AR-8319086,Office Supplies,Storage,Sample Storage Product
FUR-CH-4975288,Furniture,Furnishings,Sample Furnishings Product
FUR-FU-3007609,Technology,Accessories,Sample Accessories Product
OFF-ST-8037890,Office Supplies,Supplies,Sample Supplies Product
FUR-FU-5564854,Office Supplies,Fasteners,Sample Fasteners Product
TEC-CO-1030723,Technology,Accessories,Sample Accessories Product
FUR-TA-5219042,Office Supplies,Supplies,Sample Supplies Product
TEC-AC-9498613,Technology,Accessories,Sample Accessories Product
OFF-FA-2274368,Office Supplies,Storage,Sample Storage Product
TEC-AC-4759325,Furniture,Furnishings,Sample Furnishings Product
TEC-CO-8208329,Office Supplies,Storage,Sample Storage Product
TEC-PH-5436403,Furniture,Furnishings,Sample Furnishings Product
TEC-PH-4678985,Technology,Machines,Sample Machines Product
FUR-TA-4430538,Furniture,Bookcases,Sample Bookcases Product
TEC-MA-1616614,Office Supplies,Storage,Sample Storage Product
TEC-CO-9601227,Furniture,Bookcases,Sample Bookcases Product
OFF-BI-2704965,Office Supplies,Storage,Sample Storage Product
OFF-AR-5131853,Office Supplies,Fasteners,Sample Fasteners Product
FUR-BO-1121803,Technology,Machines,Sample Machines Product
OFF-AR-6228803,Office Supplies,Supplies,Sample Supplies Product
TEC-CO-8962963,Office Supplies,Storage,Sample Storage Product
TEC-PH-1356571,Office Supplies,Supplies,Sample Supplies Product
FUR-TA-4278676,Furniture,Furnishings,Sample Furnishings Product
OFF-PA-6616523,Technology,Phones,Sample Phones Product
TEC-PH-8064557,Office Supplies,Fasteners,Sample Fasteners Product
FUR-TA-4914856,Office Supplies,Storage,Sample Storage Product
OFF-ST-1206018,Office Supplies,Binders,Sample Binders Product
OFF-SU-7861643,Furniture,Furnishings,Sample Furnishings Product
FUR-FU-5623038,Technology,Machines,Sample Machines Product
TEC-MA-5993354,Technology,Phones,Sample Phones Product
FUR-BO-4482271,Office Supplies,Supplies,Sample Supplies Product
FUR-FU-8567961,Furniture,Chairs,Sample Chairs Product
OFF-AR-4018176,Office Supplies,Storage,Sample Storage Product
OFF-BI-6600633,Technology,Accessories,Sample Accessories Product
FUR-TA-6800591,Technology,Copiers,Sample Copiers Product
TEC-PH-9512794,Furniture,Bookcases,Sample Bookcases Product
OFF-FA-1426740,Technology,Accessories,Sample Accessories Product
OFF-FA-4578889,Office Supplies,Fasteners,Sample Fasteners Product
OFF-SU-7117952,Furniture,Chairs,Sample Chairs Product
OFF-AR-2844255,Furniture,Furnishings,Sample Furnishings Product
OFF-ST-4100619,Office Supplies,Supplies,Sample Supplies Product
OFF-AR-4600342,Furniture,Bookcases,Sample Bookcases Product
TEC-AC-7749707,Furniture,Chairs,Sample Chairs Product
FUR-FU-6126803,Technology,Copiers,Sample Copiers Product
OFF-SU-8890710,Technology,Machines,Sample Machines Product
TEC-PH-4653893,Furniture,Furnishings,Sample Furnishings Product
TEC-CO-2453168,Technology,Accessories,Sample Accessories Product
FUR-TA-7413007,Furniture,Tables,Sample Tables Product
OFF-ST-7215057,Office Supplies,Supplies,Sample Supplies Product
FUR-BO-6143853,Furniture,Furnishings,Sample Furnishings Product
FUR-BO-9773290,Office Supplies,Supplies,Sample Supplies Product
TEC-PH-2840419,Office Supplies,Supplies,Sample Supplies Product
FUR-TA-5676777,Technology,Phones,Sample Phones Product
FUR-TA-4430173,Furniture,Tables,Sample Tables Product
OFF-ST-7143926,Technology,Copiers,Sample Copiers Product
FUR-BO-3702253,Technology,Accessories,Sample Accessories Product
FUR-CH-6285645,Office Supplies,Art,Sample Art Product
FUR-BO-5281782,Furniture,Chairs,Sample Chairs Product
TEC-AC-7964420,Furniture,Tables,Sample Tables Product
FUR-BO-4454981,Technology,Machines,Sample Machines Product
FUR-TA-4114533,Office Supplies,Storage,Sample Storage Product
OFF-BI-6267222,Technology,Copiers,Sample Copiers Product
OFF-FA-8784555,Office Supplies,Storage,Sample Storage Product
FUR-BO-7829255,Furniture,Bookcases,Sample Bookcases Product
TEC-MA-1124535,Technology,Phones,Sample Phones Product
FUR-CH-6558725,Furniture,Furnishings,Sample Furnishings Product
OFF-ST-1905275,Technology,Machines,Sample Machines Product
FUR-FU-3321723,Office Supplies,Supplies,Sample Supplies Product
OFF-SU-5397522,Furniture,Chairs,Sample Chairs Product
FUR-BO-5585342,Office Supplies,Binders,Sample Binders Product
OFF-FA-8275819,Furniture,Bookcases,Sample Bookcases Product
FUR-TA-3619883,Office Supplies,Supplies,Sample Supplies Product
FUR-TA-9365273,Furniture,Furnishings,Sample Furnishings Product
TEC-PH-7022771,Office Supplies,Art,Sample Art Product
TEC-AC-7199234,Furniture,Furnishings,Sample Furnishings Product
FUR-FU-3406750,Furniture,Chairs,Sample Chairs Product
TEC-CO-8670826,Technology,Machines,Sample Machines Product
FUR-CH-5845086,Technology,Phones,Sample Phones Product
FUR-BO-8860090,Technology,Copiers,Sample Copiers Product
FUR-BO-5613557,Technology,Machines,Sample Machines Product
TEC-PH-2243852,Technology,Phones,Sample Phones Product
OFF-FA-4413733,Technology,Machines,Sample Machines Product
FUR-BO-2784335,Office Supplies,Binders,Sample Binders Product
OFF-FA-3342251,Furniture,Furnishings,Sample Furnishings Product
TEC-CO-2435455,Technology,Machines,Sample Machines Product
FUR-TA-1326162,Office Supplies,Paper,Sample Paper Product
TEC-CO-2934621,Furniture,Bookcases,Sample Bookcases Product
TEC-PH-3404875,Technology,Accessories,Sample Accessories Product
OFF-PA-2916340,Office Supplies,Paper,Sample Paper Product
OFF-ST-3720965,Technology,Copiers,Sample Copiers Product
FUR-FU-3295520,Office Supplies,Art,Sample Art Product
TEC-AC-2945729,Furniture,Bookcases,Sample Bookcases Product
OFF-BI-3053821,Furniture,Bookcases,Sample Bookcases Product
FUR-FU-7510256,Furniture,Tables,Sample Tables Product
TEC-PH-7901714,Technology,Phones,Sample Phones Product
FUR-CH-1808030,Technology,Accessories,Sample Accessories Product
FUR-FU-2568603,Technology,Machines,Sample Machines Product
FUR-BO-8718364,Furniture,Furnishings,Sample Furnishings Product
FUR-FU-7728521,Furniture,Chairs,Sample Chairs Product
OFF-SU-9846238,Technology,Accessories,Sample Accessories Product
FUR-FU-6337391,Office Supplies,Storage,Sample Storage Product
TEC-MA-8157486,Office Supplies,Binders,Sample Binders Product
FUR-TA-3038935,Technology,Phones,Sample Phones Product
OFF-BI-1181979,Office Supplies,Fasteners,Sample Fasteners Product
TEC-MA-6939816,Technology,Accessories,Sample Accessories Product
TEC-AC-8365734,Office Supplies,Storage,Sample Storage Product
OFF-PA-8163529,Technology,Copiers,Sample Copiers Product
FUR-CH-3520497,Office Supplies,Art,Sample Art Product
FUR-BO-5728237,Furniture,Chairs,Sample Chairs Product
OFF-FA-8792930,Furniture,Bookcases,Sample Bookcases Product
TEC-MA-9711485,Technology,Machines,Sample Machines Product
TEC-PH-5298231,Technology,Copiers,Sample Copiers Product
FUR-FU-3568055,Technology,Phones,Sample Phones Product
OFF-SU-7660374,Technology,Copiers,Sample Copiers Product
TEC-AC-5469178,Office Supplies,Supplies,Sample Supplies Product
FUR-TA-2036985,Technology,Phones,Sample Phones Product
TEC-PH-6031071,Furniture,Chairs,Sample Chairs Product
OFF-BI-4498095,Office Supplies,Binders,Sample Binders Product
FUR-TA-1277617,Technology,Copiers,Sample Copiers Product
OFF-AR-4940778,Office Supplies,Storage,Sample Storage Product
TEC-AC-3386134,Office Supplies,Fasteners,Sample Fasteners Product
OFF-SU-8672140,Furniture,Bookcases,Sample Bookcases Product
TEC-MA-5953698,Technology,Copiers,Sample Copiers Product
FUR-FU-9447774,Office Supplies,Paper,Sample Paper Product
OFF-FA-8440876,Furniture,Tables,Sample Tables Product
TEC-CO-6252226,Furniture,Bookcases,Sample Bookcases Product
TEC-CO-6172759,Office Supplies,Storage,Sample Storage Product
OFF-FA-9264271,Technology,Accessories,Sample Accessories Product
TEC-AC-4535231,Office Supplies,Storage,Sample Storage Product
OFF-AR-1232737,Furniture,Furnishings,Sample Furnishings Product
TEC-MA-3087105,Furniture,Tables,Sample Tables Product
OFF-BI-9742311,Office Supplies,Storage,Sample Storage Product
TEC-CO-3593688,Office Supplies,Fasteners,Sample Fasteners Product
OFF-AR-9797309,Office Supplies,Art,Sample Art Product
FUR-TA-1923760,Office Supplies,Art,Sample Art Product
OFF-BI-4124719,Technology,Accessories,Sample Accessories Product
OFF-ST-3664630,Furniture,Chairs,Sample Chairs Product
TEC-PH-3818146,Technology,Copiers,Sample Copiers Product
OFF-PA-4361504,Technology,Machines,Sample Machines Product
FUR-BO-2402876,Furniture,Bookcases,Sample Bookcases Product
TEC-MA-7495475,Furniture,Furnishings,Sample Furnishings Product
OFF-ST-1205558,Furniture,Furnishings,Sample Furnishings Product
FUR-BO-9657283,Furniture,Furnishings,Sample Furnishings Product
OFF-SU-6433993,Office Supplies,Paper,Sample Paper Product
OFF-ST-2992331,Office Supplies,Paper,Sample Paper Product
OFF-ST-5352974,Office Supplies,Supplies,Sample Supplies Product
TEC-PH-6777467,Office Supplies,Fasteners,Sample Fasteners Product
FUR-TA-5672710,Office Supplies,Supplies,Sample Supplies Product
TEC-AC-2435945,Furniture,Chairs,Sample Chairs Product
FUR-TA-1609289,Technology,Machines,Sample Machines Product
TEC-CO-9357555,Office Supplies,Storage,Sample Storage Product
FUR-TA-5742280,Office Supplies,Fasteners,Sample Fasteners Product
OFF-SU-7318546,Furniture,Bookcases,Sample Bookcases Product
FUR-TA-4577740,Technology,Machines,Sample Machines Product
TEC-CO-4525315,Furniture,Tables,Sample Tables Product
FUR-TA-1016169,Furniture,Chairs,Sample Chairs Product
TEC-PH-3493903,Furniture,Tables,Sample Tables Product
FUR-CH-6666175,Office Supplies,Supplies,Sample Supplies Product
OFF-AR-3749488,Technology,Phones,Sample Phones Product
TEC-AC-4133452,Office Supplies,Paper,Sample Paper Product
OFF-FA-1817972,Furniture,Tables,Sample Tables Product
TEC-PH-8643408,Office Supplies,Supplies,Sample Supplies Product
FUR-BO-6795297,Furniture,Chairs,Sample Chairs Product
OFF-SU-6705835,Technology,Machines,Sample Machines Product
FUR-BO-8937458,Office Supplies,Fasteners,Sample Fasteners Product
OFF-FA-6924252,Technology,Machines,Sample Machines Product
FUR-TA-9684684,Furniture,Bookcases,Sample Bookcases Product
OFF-AR-8774148,Furniture,Furnishings,Sample Furnishings Product
OFF-BI-9840707,Technology,Copiers,Sample Copiers Product
FUR-TA-7190513,Technology,Machines,Sample Machines Product
OFF-FA-8522579,Furniture,Bookcases,Sample Bookcases Product
FUR-TA-6375775,Furniture,Tables,Sample Tables Product
FUR-FU-2647882,Furniture,Chairs,Sample Chairs Product
TEC-AC-7405648,Office Supplies,Fasteners,Sample Fasteners Product
OFF-PA-6594156,Office Supplies,Binders,Sample Binders Product
TEC-PH-3242294,Furniture,Tables,Sample Tables Product
FUR-CH-3933366,Office Supplies,Paper,Sample Paper Product
FUR-CH-2836435,Office Supplies,Storage,Sample Storage Product
TEC-PH-4122183,Furniture,Bookcases,Sample Bookcases Product
TEC-MA-3930554,Furniture,Furnishings,Sample Furnishings Product
TEC-MA-1861176,Office Supplies,Storage,Sample Storage Product
OFF-AR-1964535,Office Supplies,Paper,Sample Paper Product
OFF-BI-6741314,Furniture,Tables,Sample Tables Product
FUR-TA-5356630,Furniture,Chairs,Sample Chairs Product
FUR-BO-9492310,Technology,Copiers,Sample Copiers Product
FUR-CH-2407036,Technology,Machines,Sample Machines Product
TEC-MA-3901153,Furniture,Bookcases,Sample Bookcases Product
FUR-CH-1397233,Office Supplies,Paper,Sample Paper Product
FUR-TA-3823067,Furniture,Tables,Sample Tables Product
FUR-CH-3504972,Technology,Accessories,Sample Accessories Product
FUR-BO-1835004,Office Supplies,Art,Sample Art Product
FUR-TA-7161410,Technology,Copiers,Sample Copiers Product
OFF-SU-5498873,Furniture,Bookcases,Sample Bookcases Product
OFF-PA-7297520,Office Supplies,Art,Sample Art Product
OFF-FA-8033480,Furniture,Furnishings,Sample Furnishings Product
FUR-CH-2217813,Technology,Copiers,Sample Copiers Product
FUR-BO-2071851,Technology,Accessories,Sample Accessories Product
OFF-FA-1499481,Office Supplies,Art,Sample Art Product
FUR-BO-3728151,Office Supplies,Supplies,Sample Supplies Product
OFF-FA-3013376,Furniture,Tables,Sample Tables Product
FUR-CH-7388290,Technology,Phones,Sample Phones Product
FUR-BO-5548330,Furniture,Chairs,Sample Chairs Product
FUR-TA-7861293,Furniture,Tables,Sample Tables Product
TEC-AC-5371805,Furniture,Chairs,Sample Chairs Product
TEC-PH-4875177,Office Supplies,Fasteners,Sample Fasteners Product
TEC-PH-6133586,Technology,Phones,Sample Phones Product
FUR-CH-2576424,Furniture,Tables,Sample Tables Product
OFF-AR-6456338,Furniture,Furnishings,Sample Furnishings Product
TEC-PH-7737502,Office Supplies,Supplies,Sample Supplies Product
TEC-AC-3431142,Furniture,Bookcases,Sample Bookcases Product
FUR-BO-7811025,Office Supplies,Fasteners,Sample Fasteners Product
OFF-FA-7182815,Furniture,Tables,Sample Tables Product
OFF-AR-7704058,Technology,Phones,Sample Phones Product
TEC-MA-7340506,Office Supplies,Storage,Sample Storage Product
FUR-BO-4818204,Furniture,Furnishings,Sample Furnishings Product
FUR-TA-8179486,Furniture,Furnishings,Sample Furnishings Product
FUR-BO-6662968,Office Supplies,Paper,Sample Paper Product
TEC-MA-1513384,Technology,Copiers,Sample Copiers Product
FUR-FU-1005068,Office Supplies,Fasteners,Sample Fasteners Product
FUR-BO-5631403,Office Supplies,Supplies,Sample Supplies Product
FUR-CH-4266709,Technology,Phones,Sample Phones Product
FUR-CH-3352648,Furniture,Furnishings,Sample Furnishings Product
TEC-CO-3072538,Furniture,Tables,Sample Tables Product
TEC-PH-8762346,Office Supplies,Binders,Sample Binders Product
FUR-TA-9957294,Furniture,Furnishings,Sample Furnishings Product
TEC-PH-4794151,Furniture,Tables,Sample Tables Product
FUR-BO-9163662,Technology,Phones,Sample Phones Product
TEC-AC-1199638,Technology,Accessories,Sample Accessories Product
FUR-FU-2500945,Technology,Phones,Sample Phones Product
TEC-CO-8074443,Office Supplies,Paper,Sample Paper Product
FUR-CH-1801449,Office Supplies,Storage,Sample Storage Product
FUR-BO-6338118,Furniture,Chairs,Sample Chairs Product
TEC-MA-3962384,Furniture,Furnishings,Sample Furnishings Product
TEC-CO-2237703,Technology,Accessories,Sample Accessories Product
TEC-AC-3552536,Office Supplies,Supplies,Sample Supplies Product
OFF-SU-2902405,Office Supplies,Supplies,Sample Supplies Product
FUR-CH-7091421,Technology,Copiers,Sample Copiers Product
TEC-PH-3532081,Office Supplies,Storage,Sample Storage Product
FUR-BO-7858055,Technology,Machines,Sample Machines Product
FUR-TA-2952866,Furniture,Bookcases,Sample Bookcases Product
TEC-PH-7931152,Furniture,Chairs,Sample Chairs Product
OFF-FA-1087842,Office Supplies,Paper,Sample Paper Product
OFF-SU-7898873,Office Supplies,Fasteners,Sample Fasteners Product
FUR-BO-9636483,Office Supplies,Storage,Sample Storage Product
OFF-BI-9565926,Technology,Accessories,Sample Accessories Product
OFF-AR-5880473,Furniture,Tables,Sample Tables Product
FUR-CH-5911095,Office Supplies,Storage,Sample Storage Product
OFF-SU-7929110,Furniture,Furnishings,Sample Furnishings Product
OFF-BI-2433020,Office Supplies,Fasteners,Sample Fasteners Product
FUR-FU-2346912,Furniture,Tables,Sample Tables Product
OFF-BI-5919370,Technology,Machines,Sample Machines Product
TEC-PH-3154648,Technology,Phones,Sample Phones Product
FUR-FU-4285265,Office Supplies,Supplies,Sample Supplies Product
FUR-CH-4801902,Office Supplies,Supplies,Sample Supplies Product
TEC-AC-4821030,Furniture,Furnishings,Sample Furnishings Product
OFF-BI-5719203,Technology,Accessories,Sample Accessories Product
FUR-CH-2715071,Technology,Accessories,Sample Accessories Product
FUR-CH-2783841,Technology,Accessories,Sample Accessories Product
FUR-TA-8994258,Technology,Phones,Sample Phones Product
TEC-MA-1326200,Technology,Copiers,Sample Copiers Product
OFF-PA-7278648,Furniture,Chairs,Sample Chairs Product
OFF-PA-7811883,Technology,Accessories,Sample Accessories Product
TEC-PH-1370782,Office Supplies,Art,Sample Art Product
FUR-TA-3736117,Office Supplies,Supplies,Sample Supplies Product
TEC-MA-7175206,Furniture,Tables,Sample Tables Product
TEC-CO-2783046,Furniture,Furnishings,Sample Furnishings Product
TEC-MA-8435700,Furniture,Bookcases,Sample Bookcases Product
OFF-ST-6023820,Office Supplies,Fasteners,Sample Fasteners Product
TEC-PH-9851276,Office Supplies,Binders,Sample Binders Product
FUR-BO-8640041,Technology,Copiers,Sample Copiers Product
